Gas_Z,NDVI_Z,VIX_Z,River_Z
0.7216273349555915,0.00975906920324734,0.22336425869497323,0.04524933714618807
