Gas_Z,NDVI_Z,VIX_Z,River_Z
0.6050474185789244,0.008312867240795397,0.2158393461809087,0.17080036799937157
